residual_sd,within_1sd_fraction
9.122055539046174,0.8338428255655363
