n_selected_features,rmse_oob,r2_oob,rmse_in_sample,r2_in_sample
24,9.12184151247704,0.929082455061177,5.067094413361308,0.9781170110648785
