rmse_oob,r2_oob
8.827572889674666,0.9335842207728338
