group,count,mean,median,std,min,max
No,10731,9.463562526791538,5.7,10.6837998969337,0.00021,185.0
Yes,10532,59.850445594379025,63.1,31.165445746601367,0.001,143.0
