group,count,mean,median,std,min,max
No,18924,35.3508666494927,19.6,35.40876197106051,0.00021,185.0
Yes,2339,26.899778537836685,21.7,21.43329671051068,0.018,130.0
